Uitgave,13 november 2017,,,,,,,
GBA-Nationaliteitentabel (tabel 32),,GBA-Landentabel (tabel 34),,Landnaam in xpert burgerzaken,5. Afstamming uit landeninformatie,10. Nationaliteit uit landeninformatie,6. Naam uit landeninformatie,
Code,Omschrijving,Code,Omschrijving,,url,url,url,
300,Afgaanse,6023,Afganistan,Afghanistan,http://portal.vindburgerzaken.nl/doc/351969,http://portal.vindburgerzaken.nl/doc/265745,http://portal.vindburgerzaken.nl/doc/351985,
50,Albanese,5034,Albanië,Albanië (Republika e Shqipërisë),http://portal.vindburgerzaken.nl/doc/352027,http://portal.vindburgerzaken.nl/doc/265758,http://portal.vindburgerzaken.nl/doc/352043,
100,Algerijnse,6047,Algerije,Algerije,http://portal.vindburgerzaken.nl/doc/352071,http://portal.vindburgerzaken.nl/doc/265783,http://portal.vindburgerzaken.nl/doc/352087,
51,Andorrese,7005,Andorra,Andorra,http://portal.vindburgerzaken.nl/doc/352115,http://portal.vindburgerzaken.nl/doc/265770,http://portal.vindburgerzaken.nl/doc/352132,
101,Angolese,5026,Angola,Angola,http://portal.vindburgerzaken.nl/doc/352160,http://portal.vindburgerzaken.nl/doc/265796,http://portal.vindburgerzaken.nl/doc/352176,
421,Burger van Antigua en Barbuda,8045,Antigua en Barbuda,Antigua en Barbuda,http://portal.vindburgerzaken.nl/doc/352204,http://portal.vindburgerzaken.nl/doc/265809,http://portal.vindburgerzaken.nl/doc/352221,
250,Argentijnse,7015,Argentinië,Argentinië,http://portal.vindburgerzaken.nl/doc/352253,http://portal.vindburgerzaken.nl/doc/265822,http://portal.vindburgerzaken.nl/doc/352269,
40,Burger van Armenië,5054,Armenië,Armenië,http://portal.vindburgerzaken.nl/doc/352297,http://portal.vindburgerzaken.nl/doc/265835,http://portal.vindburgerzaken.nl/doc/352313,
,,5095,Aruba,Aruba,http://portal.vindburgerzaken.nl/doc/352342,http://portal.vindburgerzaken.nl/doc/265848,http://portal.vindburgerzaken.nl/doc/352358,
400,Australische,6016,Australië,Australië,http://portal.vindburgerzaken.nl/doc/352386,http://portal.vindburgerzaken.nl/doc/265860,http://portal.vindburgerzaken.nl/doc/352403,
39,Burger van Azerbajdsjan,5097,Azerbajdsjan,Azerbeidzjan,http://portal.vindburgerzaken.nl/doc/352431,http://portal.vindburgerzaken.nl/doc/265874,http://portal.vindburgerzaken.nl/doc/352447,
200,Bahamaanse,6033,Bahama-eilanden,Bahama's,http://portal.vindburgerzaken.nl/doc/352476,http://portal.vindburgerzaken.nl/doc/265887,http://portal.vindburgerzaken.nl/doc/352492,
301,Bahreinse,5057,Bahrein,Bahrein,http://portal.vindburgerzaken.nl/doc/352520,http://portal.vindburgerzaken.nl/doc/265901,http://portal.vindburgerzaken.nl/doc/352537,
345,Burger van Bangladesh,7084,Bangladesh,Bangladesh (Volksrepubiek Bangladesh),http://portal.vindburgerzaken.nl/doc/352565,http://portal.vindburgerzaken.nl/doc/265914,http://portal.vindburgerzaken.nl/doc/352581,
251,Barbadaanse,7004,Barbados,Barbados,http://portal.vindburgerzaken.nl/doc/352619,http://portal.vindburgerzaken.nl/doc/265927,http://portal.vindburgerzaken.nl/doc/352635,
38,Burger van Belarus (Wit-Rusland),5098,Belarus (Wit-Rusland),Belarus,http://portal.vindburgerzaken.nl/doc/352663,http://portal.vindburgerzaken.nl/doc/265940,http://portal.vindburgerzaken.nl/doc/352680,
52,Belgische,5010,België,België,http://portal.vindburgerzaken.nl/doc/352708,http://portal.vindburgerzaken.nl/doc/265954,http://portal.vindburgerzaken.nl/doc/352725,
202,Belizaanse,8017,Belize,Belize,http://portal.vindburgerzaken.nl/doc/352755,http://portal.vindburgerzaken.nl/doc/265967,http://portal.vindburgerzaken.nl/doc/352771,
111,Beninse,8023,Benin,Benin (Dahomey) en Dahomey (Benin),http://portal.vindburgerzaken.nl/doc/352799,http://portal.vindburgerzaken.nl/doc/265980,http://portal.vindburgerzaken.nl/doc/352815,
302,Bhutaanse,5058,Bhutan,Bhutan,http://portal.vindburgerzaken.nl/doc/352843,http://portal.vindburgerzaken.nl/doc/265993,http://portal.vindburgerzaken.nl/doc/352859,
48,Myanmarese,5047,Myanmar,Birma (Myanmar),http://portal.vindburgerzaken.nl/doc/357253,http://portal.vindburgerzaken.nl/doc/266006,http://portal.vindburgerzaken.nl/doc/357269,
252,Boliviaanse,6015,Bolivia,Bolivia,http://portal.vindburgerzaken.nl/doc/352887,http://portal.vindburgerzaken.nl/doc/266019,http://portal.vindburgerzaken.nl/doc/352904,
29,Burger van Bosnië-Herzegovina,6065,Bosnië-Herzegovina,Bosnië-Herzegovina,http://portal.vindburgerzaken.nl/doc/352963,http://portal.vindburgerzaken.nl/doc/266034,http://portal.vindburgerzaken.nl/doc/352979,
105,Botswaanse,5011,Botswana,Botswana,http://portal.vindburgerzaken.nl/doc/353008,http://portal.vindburgerzaken.nl/doc/266047,http://portal.vindburgerzaken.nl/doc/353024,
253,Braziliaanse,6008,Brazilië,Brazilië,http://portal.vindburgerzaken.nl/doc/353052,http://portal.vindburgerzaken.nl/doc/266061,http://portal.vindburgerzaken.nl/doc/353068,
304,Bruneise,5042,Brunei,Brunei,http://portal.vindburgerzaken.nl/doc/353096,http://portal.vindburgerzaken.nl/doc/266074,http://portal.vindburgerzaken.nl/doc/353113,
53,Bulgaarse,7024,Bulgarije,Bulgarije,http://portal.vindburgerzaken.nl/doc/353146,http://portal.vindburgerzaken.nl/doc/266087,http://portal.vindburgerzaken.nl/doc/353163,
106,Burger van Burkina Faso,5096,Burkina Faso,Burkina Faso,http://portal.vindburgerzaken.nl/doc/353191,http://portal.vindburgerzaken.nl/doc/266100,http://portal.vindburgerzaken.nl/doc/353207,
104,Burundische,6001,Burundi,Burundi,http://portal.vindburgerzaken.nl/doc/353246,http://portal.vindburgerzaken.nl/doc/266113,http://portal.vindburgerzaken.nl/doc/353262,
305,Kambodjaanse,6031,Kambodja,Cambodja,http://portal.vindburgerzaken.nl/doc/353291,http://portal.vindburgerzaken.nl/doc/266126,http://portal.vindburgerzaken.nl/doc/353307,
204,Canadese,5001,Canada,Canada,http://portal.vindburgerzaken.nl/doc/360739,http://portal.vindburgerzaken.nl/doc/347651,http://portal.vindburgerzaken.nl/doc/360756,
108,Centrafrikaanse,9086,Centrafrika,Centraal-Afrikaanse Republiek,http://portal.vindburgerzaken.nl/doc/353335,http://portal.vindburgerzaken.nl/doc/266152,http://portal.vindburgerzaken.nl/doc/353351,
306,Srilankaanse,7033,Sri Lanka,Ceylon (Sri Lanka) en Sri Lanka (Ceylon),http://portal.vindburgerzaken.nl/doc/359170,http://portal.vindburgerzaken.nl/doc/330198,http://portal.vindburgerzaken.nl/doc/359186,
254,Chileense,5021,Chili,Chili,http://portal.vindburgerzaken.nl/doc/353379,http://portal.vindburgerzaken.nl/doc/266167,http://portal.vindburgerzaken.nl/doc/353395,
307,Chinese,6022,China,China (Volksrepubliek) en Volksrepubliek China (China),http://portal.vindburgerzaken.nl/doc/353423,http://portal.vindburgerzaken.nl/doc/330229,http://portal.vindburgerzaken.nl/doc/353439,
255,Colombiaanse,5033,Colombia,Colombia,http://portal.vindburgerzaken.nl/doc/353467,http://portal.vindburgerzaken.nl/doc/266193,http://portal.vindburgerzaken.nl/doc/353484,
,,,,Comoren,nvt,nvt,nvt,
110,Kongolese,9008,Kongo,Congo (Brazzaville),http://portal.vindburgerzaken.nl/doc/353512,http://portal.vindburgerzaken.nl/doc/266206,http://portal.vindburgerzaken.nl/doc/353528,
451,Zaïrese (Congolese),6069,Democratische Republiek Congo,Congo (Democratiche Republiek Congo) (voormalig Zaïre) en Zaïre (Democratische Republiek Congo),http://portal.vindburgerzaken.nl/doc/353700,http://portal.vindburgerzaken.nl/doc/266262,http://portal.vindburgerzaken.nl/doc/353716,
205,Costaricaanse,7007,Costa Rica,Costa Rica,http://portal.vindburgerzaken.nl/doc/353556,http://portal.vindburgerzaken.nl/doc/266221,http://portal.vindburgerzaken.nl/doc/353573,
206,Cubaanse,5006,Cuba,Cuba,http://portal.vindburgerzaken.nl/doc/360694,http://portal.vindburgerzaken.nl/doc/266234,http://portal.vindburgerzaken.nl/doc/360711,
,,,,Curaçao,http://portal.vindburgerzaken.nl/doc/353612,http://portal.vindburgerzaken.nl/doc/321319,http://portal.vindburgerzaken.nl/doc/353628,
308,Cyprische,5040,Cyprus,Cyprus,http://portal.vindburgerzaken.nl/doc/353656,http://portal.vindburgerzaken.nl/doc/266247,http://portal.vindburgerzaken.nl/doc/353672,
329,Noordkoreaanse,6049,Noordkorea,Democratische Volksrepubliek Noord-Korea,http://portal.vindburgerzaken.nl/doc/357646,http://portal.vindburgerzaken.nl/doc/267377,http://portal.vindburgerzaken.nl/doc/357662,
54,Deense,5015,Denemarken,Denemarken,http://portal.vindburgerzaken.nl/doc/353751,http://portal.vindburgerzaken.nl/doc/266276,http://portal.vindburgerzaken.nl/doc/353768,
115,Djiboutiaanse,9087,Djibouti,Djibouti,http://portal.vindburgerzaken.nl/doc/353800,http://portal.vindburgerzaken.nl/doc/266289,http://portal.vindburgerzaken.nl/doc/353816,
448,Burger van Dominica,8030,Dominica,Dominica,http://portal.vindburgerzaken.nl/doc/353848,http://portal.vindburgerzaken.nl/doc/266302,http://portal.vindburgerzaken.nl/doc/353866,
207,Burger van Dominicaanse Republiek,7027,Dominicaanse Republiek,Dominicaanse Republiek,http://portal.vindburgerzaken.nl/doc/353899,http://portal.vindburgerzaken.nl/doc/266315,http://portal.vindburgerzaken.nl/doc/353915,
55,Burger van de Bondsrepubliek Duitsland,9089,Bondsrepubliek Duitsland,Duitsland (Bondsrepubliek) en Bondsrepubliek Duitsland,http://portal.vindburgerzaken.nl/doc/353943,http://portal.vindburgerzaken.nl/doc/266328,http://portal.vindburgerzaken.nl/doc/353959,
256,Ecuadoraanse,7039,Ecuador,Ecuador,http://portal.vindburgerzaken.nl/doc/353987,http://portal.vindburgerzaken.nl/doc/266341,http://portal.vindburgerzaken.nl/doc/354004,
112,Egyptische,7014,Egypte,Egypte,http://portal.vindburgerzaken.nl/doc/360784,http://portal.vindburgerzaken.nl/doc/266355,http://portal.vindburgerzaken.nl/doc/360801,
208,Salvadoraanse,7032,El Salvador,El Salvador,http://portal.vindburgerzaken.nl/doc/354043,http://portal.vindburgerzaken.nl/doc/267627,http://portal.vindburgerzaken.nl/doc/354063,
113,Equatoriaalguinese,9043,Equatoriaalguinee,Equatoriaal Guinee,http://portal.vindburgerzaken.nl/doc/354095,http://portal.vindburgerzaken.nl/doc/266407,http://portal.vindburgerzaken.nl/doc/354127,
84,Eritrese,9003,Eritrea,Eritrea,http://portal.vindburgerzaken.nl/doc/354162,http://portal.vindburgerzaken.nl/doc/266368,http://portal.vindburgerzaken.nl/doc/354179,
45,Estnische,7065,Estland,Estland,http://portal.vindburgerzaken.nl/doc/354211,http://portal.vindburgerzaken.nl/doc/266381,http://portal.vindburgerzaken.nl/doc/354229,
114,Etiopische,5020,Etiopië,Ethiopië,http://portal.vindburgerzaken.nl/doc/354257,http://portal.vindburgerzaken.nl/doc/266394,http://portal.vindburgerzaken.nl/doc/354273,
425,Fijische,6032,Fiji,Fiji,http://portal.vindburgerzaken.nl/doc/354301,http://portal.vindburgerzaken.nl/doc/266420,http://portal.vindburgerzaken.nl/doc/354318,
309,Filipijnse,5027,Filipijnen,Filipijnen,http://portal.vindburgerzaken.nl/doc/354348,http://portal.vindburgerzaken.nl/doc/266433,http://portal.vindburgerzaken.nl/doc/354364,
56,Finse,6002,Finland,Finland,http://portal.vindburgerzaken.nl/doc/354393,http://portal.vindburgerzaken.nl/doc/266447,http://portal.vindburgerzaken.nl/doc/354411,
57,Franse,5002,Frankrijk,Frankrijk,http://portal.vindburgerzaken.nl/doc/354439,http://portal.vindburgerzaken.nl/doc/266460,http://portal.vindburgerzaken.nl/doc/354458,
57,Franse,5062,Frans Guyana,Frans Guyana,http://portal.vindburgerzaken.nl/doc/266472,http://portal.vindburgerzaken.nl/doc/266473,http://portal.vindburgerzaken.nl/doc/266474,
116,Gabonese,6048,Gabon,Gabon,http://portal.vindburgerzaken.nl/doc/354492,http://portal.vindburgerzaken.nl/doc/266486,http://portal.vindburgerzaken.nl/doc/354509,
117,Gambiaanse,7008,Gambia,Gambia,http://portal.vindburgerzaken.nl/doc/354537,http://portal.vindburgerzaken.nl/doc/266499,http://portal.vindburgerzaken.nl/doc/354554,
30,Burger van Georgië,6064,Georgië,Georgië,http://portal.vindburgerzaken.nl/doc/354582,http://portal.vindburgerzaken.nl/doc/266512,http://portal.vindburgerzaken.nl/doc/354600,
118,Ghanese,5024,Ghana,Ghana,http://portal.vindburgerzaken.nl/doc/354628,http://portal.vindburgerzaken.nl/doc/266525,http://portal.vindburgerzaken.nl/doc/354645,
267,Grenadaanse,8008,Grenada,Grenada,http://portal.vindburgerzaken.nl/doc/354673,http://portal.vindburgerzaken.nl/doc/266538,http://portal.vindburgerzaken.nl/doc/354689,
59,Griekse,6003,Griekenland,Griekenland,http://portal.vindburgerzaken.nl/doc/360829,http://portal.vindburgerzaken.nl/doc/266551,http://portal.vindburgerzaken.nl/doc/360846,
211,Guatemalteekse,6004,Guatemala,Guatemala,http://portal.vindburgerzaken.nl/doc/354738,http://portal.vindburgerzaken.nl/doc/266564,http://portal.vindburgerzaken.nl/doc/354757,
,,,,Guinee Bissau,nvt,http://portal.vindburgerzaken.nl/doc/315128,nvt,
119,Guinese,7040,Guinee,Guinee (Conakry),http://portal.vindburgerzaken.nl/doc/354796,http://portal.vindburgerzaken.nl/doc/266577,http://portal.vindburgerzaken.nl/doc/354812,
259,Guyaanse,6025,Guyana,Guyana,http://portal.vindburgerzaken.nl/doc/354891,http://portal.vindburgerzaken.nl/doc/266590,http://portal.vindburgerzaken.nl/doc/354907,
212,Haïtiaanse,6041,Haïti,Haïti,http://portal.vindburgerzaken.nl/doc/354936,http://portal.vindburgerzaken.nl/doc/266603,http://portal.vindburgerzaken.nl/doc/354952,
213,Hondurese,7017,Honduras,Honduras,http://portal.vindburgerzaken.nl/doc/354983,http://portal.vindburgerzaken.nl/doc/266617,http://portal.vindburgerzaken.nl/doc/354999,
61,Hongaarse,5017,Hongarije,Hongarije,http://portal.vindburgerzaken.nl/doc/355027,http://portal.vindburgerzaken.nl/doc/266630,http://portal.vindburgerzaken.nl/doc/355044,
307,Chinese,,,Hongkong SAR (Speciaal administratief gebied van de Volksrepubliek China),http://portal.vindburgerzaken.nl/doc/355073,http://portal.vindburgerzaken.nl/doc/266643,http://portal.vindburgerzaken.nl/doc/355089,
62,Ierse,6007,Ierland,Ierland,http://portal.vindburgerzaken.nl/doc/355171,http://portal.vindburgerzaken.nl/doc/266656,http://portal.vindburgerzaken.nl/doc/355187,
63,IJslandse,6011,IJsland,IJsland,http://portal.vindburgerzaken.nl/doc/355215,http://portal.vindburgerzaken.nl/doc/268178,http://portal.vindburgerzaken.nl/doc/355233,
312,Burger van India,7046,India,India,http://portal.vindburgerzaken.nl/doc/355261,http://portal.vindburgerzaken.nl/doc/266669,http://portal.vindburgerzaken.nl/doc/355278,
313,Indonesische,6024,Indonesië,Indonesië,http://portal.vindburgerzaken.nl/doc/355306,,http://portal.vindburgerzaken.nl/doc/355323,
314,Iraakse,5043,Irak,Irak,http://portal.vindburgerzaken.nl/doc/360874,http://portal.vindburgerzaken.nl/doc/266695,http://portal.vindburgerzaken.nl/doc/360892,
315,Iraanse,5012,Iran,Iran,http://portal.vindburgerzaken.nl/doc/355351,http://portal.vindburgerzaken.nl/doc/266708,http://portal.vindburgerzaken.nl/doc/355369,
316,Israëlische,6034,Israël,Israël,http://portal.vindburgerzaken.nl/doc/355398,http://portal.vindburgerzaken.nl/doc/266721,http://portal.vindburgerzaken.nl/doc/355414,
64,Italiaanse,7044,Italië,Italië,http://portal.vindburgerzaken.nl/doc/355443,http://portal.vindburgerzaken.nl/doc/266734,http://portal.vindburgerzaken.nl/doc/355459,
120,Ivoriaanse,5030,Ivoorkust,Ivoorkust,http://portal.vindburgerzaken.nl/doc/355488,http://portal.vindburgerzaken.nl/doc/266748,http://portal.vindburgerzaken.nl/doc/355504,
214,Jamaicaanse,6017,Jamaica,Jamaica,http://portal.vindburgerzaken.nl/doc/355532,http://portal.vindburgerzaken.nl/doc/266761,http://portal.vindburgerzaken.nl/doc/355548,
317,Japanse,7035,Japan,Japan,http://portal.vindburgerzaken.nl/doc/355608,http://portal.vindburgerzaken.nl/doc/266774,http://portal.vindburgerzaken.nl/doc/355624,
58,Jemenitische,5048,Jemen,Jemen,http://portal.vindburgerzaken.nl/doc/355658,http://portal.vindburgerzaken.nl/doc/266787,http://portal.vindburgerzaken.nl/doc/355675,
319,Jordaanse,6042,Jordanië,Jordanië,http://portal.vindburgerzaken.nl/doc/355703,http://portal.vindburgerzaken.nl/doc/266800,http://portal.vindburgerzaken.nl/doc/355720,
121,Kaapverdische,8025,Kaapverdië,Kaapverdië,http://portal.vindburgerzaken.nl/doc/355748,http://portal.vindburgerzaken.nl/doc/266813,http://portal.vindburgerzaken.nl/doc/355765,
122,Kameroense,5035,Kameroen,Kameroen (Verenigde Republiek Kameroen),http://portal.vindburgerzaken.nl/doc/355795,http://portal.vindburgerzaken.nl/doc/266826,http://portal.vindburgerzaken.nl/doc/355811,
37,Burger van Kazachstan,5099,Kazachstan,Kazachstan,http://portal.vindburgerzaken.nl/doc/355839,http://portal.vindburgerzaken.nl/doc/266839,http://portal.vindburgerzaken.nl/doc/355856,
123,Kenyaanse,7002,Kenya,Kenia,http://portal.vindburgerzaken.nl/doc/355886,http://portal.vindburgerzaken.nl/doc/266852,http://portal.vindburgerzaken.nl/doc/355902,
445,Kiribatische,8027,Kiribati,Kiribati,http://portal.vindburgerzaken.nl/doc/355974,http://portal.vindburgerzaken.nl/doc/266865,http://portal.vindburgerzaken.nl/doc/355991,
320,Koeweitse,7045,Koeweit,Koeweit,http://portal.vindburgerzaken.nl/doc/356019,http://portal.vindburgerzaken.nl/doc/266878,http://portal.vindburgerzaken.nl/doc/356036,
87,Burger van Kosovo,5105,Kosovo,Kosovo,http://portal.vindburgerzaken.nl/doc/356064,http://portal.vindburgerzaken.nl/doc/266891,http://portal.vindburgerzaken.nl/doc/356080,
43,Burger van Kroatië,5051,Kroatië,Kroatië,http://portal.vindburgerzaken.nl/doc/356108,http://portal.vindburgerzaken.nl/doc/266904,http://portal.vindburgerzaken.nl/doc/356124,
35,Burger van Kyrgyzstan,6021,Kyrgyzstan,Kyrgyzstan,http://portal.vindburgerzaken.nl/doc/355930,http://portal.vindburgerzaken.nl/doc/266917,http://portal.vindburgerzaken.nl/doc/355946,
321,Laotiaanse,5025,Laos,Laos,http://portal.vindburgerzaken.nl/doc/356152,http://portal.vindburgerzaken.nl/doc/266930,http://portal.vindburgerzaken.nl/doc/356168,
125,Lesothaanse,7016,Lesotho,Lesotho,http://portal.vindburgerzaken.nl/doc/356196,http://portal.vindburgerzaken.nl/doc/266944,http://portal.vindburgerzaken.nl/doc/356212,
44,Letse,7064,Letland,Letland,http://portal.vindburgerzaken.nl/doc/356241,http://portal.vindburgerzaken.nl/doc/266957,http://portal.vindburgerzaken.nl/doc/356257,
322,Libanese,7043,Libanon,Libanon,http://portal.vindburgerzaken.nl/doc/356285,http://portal.vindburgerzaken.nl/doc/266970,http://portal.vindburgerzaken.nl/doc/356301,
126,Liberiaanse,5019,Liberia,Liberia,http://portal.vindburgerzaken.nl/doc/356329,http://portal.vindburgerzaken.nl/doc/266983,http://portal.vindburgerzaken.nl/doc/356345,
127,Libische,6006,Libië,Libië,http://portal.vindburgerzaken.nl/doc/356373,http://portal.vindburgerzaken.nl/doc/266996,http://portal.vindburgerzaken.nl/doc/356389,
66,Liechtensteinse,6012,Liechtenstein,Liechtenstein,http://portal.vindburgerzaken.nl/doc/356419,http://portal.vindburgerzaken.nl/doc/267009,http://portal.vindburgerzaken.nl/doc/356419,
46,Litouwse,7066,Litouwen,Litouwen,http://portal.vindburgerzaken.nl/doc/356463,http://portal.vindburgerzaken.nl/doc/267022,http://portal.vindburgerzaken.nl/doc/356479,
67,Luxemburgse,6018,Luxemburg,Luxemburg,http://portal.vindburgerzaken.nl/doc/356507,http://portal.vindburgerzaken.nl/doc/267035,http://portal.vindburgerzaken.nl/doc/356523,
,,,,Macau (China),nvt,nvt,nvt,
86,Macedonische,5100,Macedonië,Macedonië,http://portal.vindburgerzaken.nl/doc/356551,http://portal.vindburgerzaken.nl/doc/267049,http://portal.vindburgerzaken.nl/doc/356567,
128,Malagassische,9010,Madagaskar,Madagascar,http://portal.vindburgerzaken.nl/doc/356595,http://portal.vindburgerzaken.nl/doc/267062,http://portal.vindburgerzaken.nl/doc/356611,
129,Malawische,5005,Malawi,Malawi,http://portal.vindburgerzaken.nl/doc/356640,http://portal.vindburgerzaken.nl/doc/267075,http://portal.vindburgerzaken.nl/doc/356656,
324,Maldivische,7041,Maldiven,Malediven,http://portal.vindburgerzaken.nl/doc/356684,http://portal.vindburgerzaken.nl/doc/267088,http://portal.vindburgerzaken.nl/doc/356703,
325,Maleisische,7026,Maleisië,Maleisië,http://portal.vindburgerzaken.nl/doc/356731,http://portal.vindburgerzaken.nl/doc/267101,http://portal.vindburgerzaken.nl/doc/356747,
130,Malinese,5029,Mali,Mali,http://portal.vindburgerzaken.nl/doc/356775,http://portal.vindburgerzaken.nl/doc/267114,http://portal.vindburgerzaken.nl/doc/356791,
68,Maltese,7003,Malta,Malta,http://portal.vindburgerzaken.nl/doc/356819,http://portal.vindburgerzaken.nl/doc/267127,http://portal.vindburgerzaken.nl/doc/356835,
131,Marokkaanse,5022,Marokko,Marokko,http://portal.vindburgerzaken.nl/doc/361055,http://portal.vindburgerzaken.nl/doc/267140,http://portal.vindburgerzaken.nl/doc/361072,
47,Burger van de Marshalleilanden,9056,Marshalleilanden,Marshalleilanden,http://portal.vindburgerzaken.nl/doc/356863,http://portal.vindburgerzaken.nl/doc/267154,http://portal.vindburgerzaken.nl/doc/356868,
132,Burger van Mauritanië,6020,Mauritanië,Mauritanië,http://portal.vindburgerzaken.nl/doc/356889,http://portal.vindburgerzaken.nl/doc/267167,http://portal.vindburgerzaken.nl/doc/356905,
133,Burger van Mauritius,5044,Mauritius,Mauritius,http://portal.vindburgerzaken.nl/doc/356933,http://portal.vindburgerzaken.nl/doc/267180,http://portal.vindburgerzaken.nl/doc/356949,
216,Mexicaanse,7006,Mexico,Mexico,http://portal.vindburgerzaken.nl/doc/356978,http://portal.vindburgerzaken.nl/doc/267193,http://portal.vindburgerzaken.nl/doc/356995,
,,9094,Micronesia,Micronesië,http://portal.vindburgerzaken.nl/doc/351898,http://portal.vindburgerzaken.nl/doc/267206,http://portal.vindburgerzaken.nl/doc/351914,
36,Burger van Moldavië,6000,Moldavië,Moldavië,http://portal.vindburgerzaken.nl/doc/357024,http://portal.vindburgerzaken.nl/doc/267219,http://portal.vindburgerzaken.nl/doc/357040,
69,Monegaskische,5032,Monaco,Monaco,http://portal.vindburgerzaken.nl/doc/357068,http://portal.vindburgerzaken.nl/doc/267232,http://portal.vindburgerzaken.nl/doc/357084,
326,Mongolische,7052,Mongolië,Mongolië,http://portal.vindburgerzaken.nl/doc/357112,http://portal.vindburgerzaken.nl/doc/267245,http://portal.vindburgerzaken.nl/doc/357128,
455,Burger van Montenegro,5104,Montenegro,Montenegro,http://portal.vindburgerzaken.nl/doc/357156,http://portal.vindburgerzaken.nl/doc/267258,http://portal.vindburgerzaken.nl/doc/357173,
,,,,Mozambique,http://portal.vindburgerzaken.nl/doc/357200,http://portal.vindburgerzaken.nl/doc/318311/lesotho---mozambique/mozambique/10-commentaar-nationaliteit,http://portal.vindburgerzaken.nl/doc/357225,
49,Namibische,9023,Namibië,Namibië,http://portal.vindburgerzaken.nl/doc/357342,http://portal.vindburgerzaken.nl/doc/267272,http://portal.vindburgerzaken.nl/doc/357359,
431,Nauruaanse,7057,Nauru,Nauru,http://portal.vindburgerzaken.nl/doc/357297,http://portal.vindburgerzaken.nl/doc/267286,http://portal.vindburgerzaken.nl/doc/357314,
,,,,Nederlandse Antillen,nvt,nvt,nvt,
328,Nepalese,6035,Nepal,Nepal,http://portal.vindburgerzaken.nl/doc/357433,http://portal.vindburgerzaken.nl/doc/267312,http://portal.vindburgerzaken.nl/doc/357449,
218,Nicaraguaanse,7018,Nicaragua,Nicaragua,http://portal.vindburgerzaken.nl/doc/357478,http://portal.vindburgerzaken.nl/doc/267325,http://portal.vindburgerzaken.nl/doc/357495,
402,Nieuwzeelandse,v,Nieuwzeeland,Nieuw Zeeland,http://portal.vindburgerzaken.nl/doc/357532,http://portal.vindburgerzaken.nl/doc/267338,http://portal.vindburgerzaken.nl/doc/357548,
136,Burger van Niger,6040,Niger,Niger,http://portal.vindburgerzaken.nl/doc/357577,http://portal.vindburgerzaken.nl/doc/267351,http://portal.vindburgerzaken.nl/doc/357592,
137,Burger van Nigeria,6005,Nigeria,Nigeria,http://portal.vindburgerzaken.nl/doc/357614,http://portal.vindburgerzaken.nl/doc/267364,http://portal.vindburgerzaken.nl/doc/357637,
,,,,Niue,nvt,nvt,nvt,nvt
70,Noorse,6027,Noorwegen,Noorwegen,http://portal.vindburgerzaken.nl/doc/357691,http://portal.vindburgerzaken.nl/doc/267391,http://portal.vindburgerzaken.nl/doc/357707,
34,Burger van Oekraine,6038,Oekraine,Oekraïne,http://portal.vindburgerzaken.nl/doc/357735,http://portal.vindburgerzaken.nl/doc/267404,http://portal.vindburgerzaken.nl/doc/357752,
33,Burger van Oezbekistan,6050,Oezbekistan,Oezbekistan,http://portal.vindburgerzaken.nl/doc/357782,http://portal.vindburgerzaken.nl/doc/267417,http://portal.vindburgerzaken.nl/doc/357798,
327,Omanitische,7051,Oman,Oman,http://portal.vindburgerzaken.nl/doc/357827,http://portal.vindburgerzaken.nl/doc/267430,http://portal.vindburgerzaken.nl/doc/357843,
71,Oostenrijkse,5009,Oostenrijk,Oostenrijk,http://portal.vindburgerzaken.nl/doc/357872,http://portal.vindburgerzaken.nl/doc/267443,http://portal.vindburgerzaken.nl/doc/357889,
331,Pakistaanse,7020,Pakistan,Pakistan,http://portal.vindburgerzaken.nl/doc/357917,http://portal.vindburgerzaken.nl/doc/267456,http://portal.vindburgerzaken.nl/doc/357934,
,,8044,Republiek van Palau,Palau,http://portal.vindburgerzaken.nl/doc/357962,http://portal.vindburgerzaken.nl/doc/267469,http://portal.vindburgerzaken.nl/doc/357978,
,,,,Palestina,nvt,nvt,nvt,
219,Panamese,7037,Panama,Panama,http://portal.vindburgerzaken.nl/doc/358007,http://portal.vindburgerzaken.nl/doc/267482,http://portal.vindburgerzaken.nl/doc/358031,
401,Burger van Papua-Nieuwguinea,8021,Papua-Nieuwguinea,Papoea-Nieuw-Guinea,http://portal.vindburgerzaken.nl/doc/358059,http://portal.vindburgerzaken.nl/doc/267495,http://portal.vindburgerzaken.nl/doc/358075,
261,Paraguayaanse,5038,Paraguay,Paraguay,http://portal.vindburgerzaken.nl/doc/358103,http://portal.vindburgerzaken.nl/doc/267508,http://portal.vindburgerzaken.nl/doc/358119,
262,Peruaanse,7049,Peru,Peru,http://portal.vindburgerzaken.nl/doc/358147,http://portal.vindburgerzaken.nl/doc/267520,http://portal.vindburgerzaken.nl/doc/358163,
72,Poolse,7028,Polen,Polen,http://portal.vindburgerzaken.nl/doc/360920,http://portal.vindburgerzaken.nl/doc/267534,http://portal.vindburgerzaken.nl/doc/360937,
73,Portugese,7050,Portugal,Portugal,http://portal.vindburgerzaken.nl/doc/358191,http://portal.vindburgerzaken.nl/doc/267547,http://portal.vindburgerzaken.nl/doc/358208,
333,Katarese,9037,Katar,Qatar,http://portal.vindburgerzaken.nl/doc/358243,http://portal.vindburgerzaken.nl/doc/267561,http://portal.vindburgerzaken.nl/doc/358261,
74,Roemeense,7047,Roemenië,Roemenië,http://portal.vindburgerzaken.nl/doc/358289,http://portal.vindburgerzaken.nl/doc/267575,http://portal.vindburgerzaken.nl/doc/358306,
41,Burger van Rusland,5053,Rusland,Rusland,http://portal.vindburgerzaken.nl/doc/360965,http://portal.vindburgerzaken.nl/doc/267588,http://portal.vindburgerzaken.nl/doc/360982,
143,Rwandese,6009,Rwanda,Rwanda,http://portal.vindburgerzaken.nl/doc/358334,http://portal.vindburgerzaken.nl/doc/267600,http://portal.vindburgerzaken.nl/doc/358350,
447,Sintluciaanse,8029,Sint Lucia,Saint Lucia,http://portal.vindburgerzaken.nl/doc/358423,http://portal.vindburgerzaken.nl/doc/267614,http://portal.vindburgerzaken.nl/doc/358440,
,,,,Saint Kitts-Nevis,http://portal.vindburgerzaken.nl/doc/358378,http://portal.vindburgerzaken.nl/doc/315141/roemenie---thailand/saint-kitts-nevis/10-commentaar-nationaliteit,http://portal.vindburgerzaken.nl/doc/358395,
442,Solomoneilandse,8022,Solomoneilanden,Salomonseilanden,http://portal.vindburgerzaken.nl/doc/358512,http://portal.vindburgerzaken.nl/doc/267640,http://portal.vindburgerzaken.nl/doc/358530,
404,Westsamoaanse,6062,Westsamoa,Samoa,http://portal.vindburgerzaken.nl/doc/358558,http://portal.vindburgerzaken.nl/doc/267653,http://portal.vindburgerzaken.nl/doc/358575,
76,Sanmarinese,6028,San Marino,San Marino,http://portal.vindburgerzaken.nl/doc/358603,http://portal.vindburgerzaken.nl/doc/267666,http://portal.vindburgerzaken.nl/doc/358619,
334,Saoediarabische,5018,Saoediarabië,Saoedie-Arabië,http://portal.vindburgerzaken.nl/doc/358676,http://portal.vindburgerzaken.nl/doc/267679,http://portal.vindburgerzaken.nl/doc/358692,
,,,,São Tomé en Príncipe,http://portal.vindburgerzaken.nl/doc/358647,http://portal.vindburgerzaken.nl/doc/315154/roemenie---thailand/sao-tome-en-principe/10-commentaar-nationaliteit,http://portal.vindburgerzaken.nl/doc/315155,
145,Senegalese,7021,Senegal,Senegal,http://portal.vindburgerzaken.nl/doc/358720,http://portal.vindburgerzaken.nl/doc/267692,http://portal.vindburgerzaken.nl/doc/358736,
454,Burger van Servië,5103,Servië,Servië,http://portal.vindburgerzaken.nl/doc/358764,http://portal.vindburgerzaken.nl/doc/267705,http://portal.vindburgerzaken.nl/doc/358781,
444,Seychelse,8026,Seychellen,Seychellen (Republiek de Seychellen),http://portal.vindburgerzaken.nl/doc/358811,http://portal.vindburgerzaken.nl/doc/267718,http://portal.vindburgerzaken.nl/doc/358828,
147,Sierraleoonse,6051,Sierra Leone,Sierra Leone,http://portal.vindburgerzaken.nl/doc/358856,http://portal.vindburgerzaken.nl/doc/267731,http://portal.vindburgerzaken.nl/doc/358872,
335,Singaporaanse,5037,Singapore,Singapore,http://portal.vindburgerzaken.nl/doc/358901,http://portal.vindburgerzaken.nl/doc/267744,http://portal.vindburgerzaken.nl/doc/358917,
,,,,Sint Maarten,http://portal.vindburgerzaken.nl/doc/358945,http://portal.vindburgerzaken.nl/doc/321329/roemenie---thailand/sint-maarten,http://portal.vindburgerzaken.nl/doc/358963,
449,Burger van Sint Vincent en de Grenadinen,5092,Sint Vincent en de Grenadinen,Sint Vincent en de Grenadinen,http://portal.vindburgerzaken.nl/doc/358468,http://portal.vindburgerzaken.nl/doc/267757,http://portal.vindburgerzaken.nl/doc/358484,
42,Burger van Slovenië,,Slovenië,Slovenië,http://portal.vindburgerzaken.nl/doc/358992,http://portal.vindburgerzaken.nl/doc/312389/roemenie---thailand/slovenie/10-commentaar-nationaliteit,http://portal.vindburgerzaken.nl/doc/359009,
27,Slowaakse,6067,Slowakije,Slowakije,http://portal.vindburgerzaken.nl/doc/359037,http://portal.vindburgerzaken.nl/doc/267770,http://portal.vindburgerzaken.nl/doc/359054,
149,Somalische,6013,Somalia,Somalië,http://portal.vindburgerzaken.nl/doc/359082,www.vindburgerzaken.nl/doc/332795,http://portal.vindburgerzaken.nl/doc/359098,
77,Spaanse,6037,Spanje,Spanje,http://portal.vindburgerzaken.nl/doc/359126,http://portal.vindburgerzaken.nl/doc/267809,http://portal.vindburgerzaken.nl/doc/359142,
148,Soedanese,7034,Soedan,Sudan,http://portal.vindburgerzaken.nl/doc/359214,http://portal.vindburgerzaken.nl/doc/267783,http://portal.vindburgerzaken.nl/doc/359231,
263,Surinaamse,5007,Suriname,Suriname,http://portal.vindburgerzaken.nl/doc/359260,http://portal.vindburgerzaken.nl/doc/331259,http://portal.vindburgerzaken.nl/doc/359278,
135,Swazische,9036,Swaziland,Swaziland,http://portal.vindburgerzaken.nl/doc/359308,http://portal.vindburgerzaken.nl/doc/267849,http://portal.vindburgerzaken.nl/doc/359314,
336,Syrische,7009,Syrië,Syrië,http://portal.vindburgerzaken.nl/doc/359339,http://portal.vindburgerzaken.nl/doc/267862,http://portal.vindburgerzaken.nl/doc/359356,
32,Burger van Tadzjikistan,6057,Tadzjikistan,Tadzjikistan,http://portal.vindburgerzaken.nl/doc/359385,http://portal.vindburgerzaken.nl/doc/267875,http://portal.vindburgerzaken.nl/doc/359401,
310,Taiwanese,5052,Taiwan,Taiwan (Chinese Republiek),http://portal.vindburgerzaken.nl/doc/359429,http://portal.vindburgerzaken.nl/doc/267888,http://portal.vindburgerzaken.nl/doc/359445,
151,Tanzaniaanse,7031,Tanzania,Tanzania,http://portal.vindburgerzaken.nl/doc/359473,http://portal.vindburgerzaken.nl/doc/267901,http://portal.vindburgerzaken.nl/doc/359489,
337,Thaise,7042,Thailand,Thailand,http://portal.vindburgerzaken.nl/doc/359517,http://portal.vindburgerzaken.nl/doc/267914,http://portal.vindburgerzaken.nl/doc/359534,
452,Burger van Timor Leste,5101,Timor Leste,Timor Leste (Oost-Timor),http://portal.vindburgerzaken.nl/doc/359563,http://portal.vindburgerzaken.nl/doc/267929,http://portal.vindburgerzaken.nl/doc/359579,
152,Togolese,5023,Togo,Togo,http://portal.vindburgerzaken.nl/doc/359607,http://portal.vindburgerzaken.nl/doc/267942,http://portal.vindburgerzaken.nl/doc/359625,
430,Tongaanse,5076,Tonga,Tonga,http://portal.vindburgerzaken.nl/doc/359653,http://portal.vindburgerzaken.nl/doc/267955,http://portal.vindburgerzaken.nl/doc/359653,
222,Burger van Trinidad en Tobago,6044,Trinidad en Tobago,Trinidad en Tobago,http://portal.vindburgerzaken.nl/doc/359697,http://portal.vindburgerzaken.nl/doc/267968,http://portal.vindburgerzaken.nl/doc/359713,
154,Tsjadische,6019,Tsjaad,Tsjaad,http://portal.vindburgerzaken.nl/doc/359741,http://portal.vindburgerzaken.nl/doc/267981,http://portal.vindburgerzaken.nl/doc/359757,
28,Tsjechische,6066,Tsjechië,Tsjechië,http://portal.vindburgerzaken.nl/doc/359785,http://portal.vindburgerzaken.nl/doc/267994,http://portal.vindburgerzaken.nl/doc/359801,
155,Tunesische,5008,Tunesië,Tunesië,http://portal.vindburgerzaken.nl/doc/359829,http://portal.vindburgerzaken.nl/doc/268007,http://portal.vindburgerzaken.nl/doc/359845,
339,Turkse,6043,Turkije,Turkije,http://portal.vindburgerzaken.nl/doc/359874,http://portal.vindburgerzaken.nl/doc/268021,http://portal.vindburgerzaken.nl/doc/359891,
31,Burger van Toerkmenistan,6063,Toerkmenistan,Turkmenistan,http://portal.vindburgerzaken.nl/doc/359919,http://portal.vindburgerzaken.nl/doc/268034,http://portal.vindburgerzaken.nl/doc/359935,
446,Tuvaluaanse,8028,Tuvalu,Tuvalu,http://portal.vindburgerzaken.nl/doc/359963,http://portal.vindburgerzaken.nl/doc/268047,http://portal.vindburgerzaken.nl/doc/359980,
138,Ugandese,7001,Uganda,Uganda (Republiek Uganda),http://portal.vindburgerzaken.nl/doc/360008,http://portal.vindburgerzaken.nl/doc/268060,http://portal.vindburgerzaken.nl/doc/360024,
264,Uruguayaanse,7038,Uruguay,Uruguay,http://portal.vindburgerzaken.nl/doc/360052,http://portal.vindburgerzaken.nl/doc/268073,http://portal.vindburgerzaken.nl/doc/360069,
424,Vanuatuse,9090,Vanuatu,Vanuatu,http://portal.vindburgerzaken.nl/doc/360097,http://portal.vindburgerzaken.nl/doc/268086,http://portal.vindburgerzaken.nl/doc/360113,
79,Vaticaanse,5045,Vaticaanstad,Vaticaanstad,http://portal.vindburgerzaken.nl/doc/268098,http://portal.vindburgerzaken.nl/doc/268099,http://portal.vindburgerzaken.nl/doc/326488/timor-leste---zwitserland/vaticaanstad/6-naam,
265,Venezolaanse,6010,Venezuela,Venezuela,http://portal.vindburgerzaken.nl/doc/360152,http://portal.vindburgerzaken.nl/doc/268163,http://portal.vindburgerzaken.nl/doc/360168,
60,Brits burger,6039,Grootbrittannië,Verenigd Koninkrijk en Verenigd Koninkrijk (Groot-Brittannië),http://portal.vindburgerzaken.nl/doc/361010,http://portal.vindburgerzaken.nl/doc/268124,http://portal.vindburgerzaken.nl/doc/361027,
338,Burger van de Ver. Arabische Emiraten,7054,Verenigde Arabische Emiraten,Verenigde Arabische Emiraten,http://portal.vindburgerzaken.nl/doc/360196,http://portal.vindburgerzaken.nl/doc/268109,http://portal.vindburgerzaken.nl/doc/360213,
223,Amerikaans burger,6014,Verenigde Staten van Amerika,Verenigde Staten van Amerika,http://portal.vindburgerzaken.nl/doc/360241,http://portal.vindburgerzaken.nl/doc/268137,http://portal.vindburgerzaken.nl/doc/360306,
342,Viëtnamese,8024,Viëtnam,Vietnam,http://portal.vindburgerzaken.nl/doc/360334,http://portal.vindburgerzaken.nl/doc/268150,http://portal.vindburgerzaken.nl/doc/360350,
156,Zambiaanse,5028,Zambia,Zambia,http://portal.vindburgerzaken.nl/doc/360378,http://portal.vindburgerzaken.nl/doc/268193,http://portal.vindburgerzaken.nl/doc/360394,
142,Zimbabwaanse,8031,Zimbabwe,Zimbabwe (Rhodesië),http://portal.vindburgerzaken.nl/doc/360422,http://portal.vindburgerzaken.nl/doc/268206,http://portal.vindburgerzaken.nl/doc/360439,
140,Zuidafrikaanse,5014,Zuidafrika,Zuid-Afrika,http://portal.vindburgerzaken.nl/doc/360469,http://portal.vindburgerzaken.nl/doc/268219,http://portal.vindburgerzaken.nl/doc/360485,
341,Zuidkoreaanse,6036,Zuidkorea,Zuid-Korea,http://portal.vindburgerzaken.nl/doc/360513,http://portal.vindburgerzaken.nl/doc/268232,http://portal.vindburgerzaken.nl/doc/360531,
,,,,Zuid-Soedan,http://portal.vindburgerzaken.nl/doc/360561,http://portal.vindburgerzaken.nl/doc/321513/timor-leste---zwitserland/zuid-soedan/10-commentaar-nationaliteit,http://portal.vindburgerzaken.nl/doc/360577,
80,Zweedse,5039,Zweden,Zweden,http://portal.vindburgerzaken.nl/doc/360605,http://portal.vindburgerzaken.nl/doc/268245,http://portal.vindburgerzaken.nl/doc/360622,
81,Zwitserse,5003,Zwitserland,Zwitserland,http://portal.vindburgerzaken.nl/doc/360649,http://portal.vindburgerzaken.nl/doc/268258,http://portal.vindburgerzaken.nl/doc/360666,
,,8002,Amerikaans Samoa,,,,,
,,7088,Amerikaanse Maagdeneilanden,,,,,
,,8036,Anguilla,,,,,
,,5055,Ascension,,,,,
,,5056,Azoren,,,,,
,,9048,Bermuda,,,,,
,,5106,Bonaire,,,,,
,,7095,Brits Territorium in Antarctica,,,,,
,,7096,Brits Territorium in de Indische Oceaan,,,,,
,,7030,Britse Maagdeneilanden,,,,,
,,6053,Canarische eilanden,,,,,
,,7092,Caymaneilanden,,,,,
,,8012,Christmaseiland,,,,,
,,8013,Cocoseilanden,,,,,
109,Comorese,5060,Comoren,,,,,
,,7097,Cookeilanden,,,,,
,,5107,Curaçao,,,,,
,,8014,Faeröer,,,,,
,,5061,Falklandeilanden,,,,,
,,6054,Frans Polynesië,,,,,
,,6055,Gibraltar,,,,,
,,5065,Groenland,,,,,
,,5066,Guadeloupe,,,,,
,,8001,Guam,,,,,
139,Guineebissause,5072,Guinee Bissau,,,,,
,,9999,Internationaal gebied,,,,,
,,5080,Johnston,,,,,
,,8034,Kanaaleilanden,,,,,
,,7087,Madeira-eilanden,,,,,
,,8035,Man,,,,,
,,8009,Marianen,,,,,
,,5069,Martinique,,,,,
,,5084,Mayotte,,,,,
,,8003,Midway,,,,,
,,8015,Montserrat,,,,,
134,Mozambiquaanse,5070,Mozambique,,,,,
1,Nederlandse,6030,Nederland,Nederland,http://portal.vindburgerzaken.nl/doc/350213,http://portal.vindburgerzaken.nl/doc/350218,http://portal.vindburgerzaken.nl/doc/350214,
,,7099,Nieuwcaledonië,,,,,
,,9091,Niue,,,,,
,,8016,Norfolk,,,,,
0,Onbekend,0,Onbekend,,,,,
,,8041,Panamakanaalzone,,,,,
,,5071,Pitcairneilanden,,,,,
,,8020,Puerto Rico,,,,,
,,5073,Réunion,,,,,
,,5108,Saba,,,,,
268,Burger van Saint Kitts-Nevis,8037,Saint Kitts-Nevis,,,,,
,,5074,Saint Pierre en Miquelon,,,,,
144,Burger van São Tomé en Principe,6059,São Tomé en Principe,,,,,
,,5109,Sint Eustatius,,,,,
,,6060,Sint Helena,,,,,
,,5110,Sint Maarten,,,,,
,,9095,Svalbardeilanden,,,,,
,,7055,Tibet,,,,,
,,7098,Tokelau-eilanden,,,,,
,,6061,Tristan Da Cunha,,,,,
,,8019,Turks- en Caicoseilanden,,,,,
,,8005,Wake,,,,,
,,5077,Wallis en Futuna,,,,,
,,9093,Westelijke Sahara,,,,,
437,Amerikaans onderdaan,,,,,,,
450,British National (overseas),,,,,,,
83,Brits onderdaan,,,,,,,
85,Brits overzees burger,,,,,,,
429,Burger van Britse afhankelijke gebieden,,,,,,,
499,Staatloos,,,,,,,
